id,evolved_species_id,evolution_trigger_id,trigger_item_id,minimum_level,gender_id,location_id,held_item_id,time_of_day,known_move_id,known_move_type_id,minimum_happiness,minimum_beauty,minimum_affection,relative_physical_stats,party_species_id,party_type_id,trade_species_id,needs_overworld_rain,turn_upside_down,evolution_chain_id
1.0,1,,,,,,,,,,,,,,,,,,,1
2.0,2,1.0,,16.0,,,,,,,,,,,,,,0.0,0.0,1
3.0,3,1.0,,32.0,,,,,,,,,,,,,,0.0,0.0,1
4.0,4,,,,,,,,,,,,,,,,,,,2
5.0,5,1.0,,16.0,,,,,,,,,,,,,,0.0,0.0,2
6.0,6,1.0,,36.0,,,,,,,,,,,,,,0.0,0.0,2
7.0,7,,,,,,,,,,,,,,,,,,,3
8.0,8,1.0,,16.0,,,,,,,,,,,,,,0.0,0.0,3
9.0,9,1.0,,36.0,,,,,,,,,,,,,,0.0,0.0,3
10.0,10,,,,,,,,,,,,,,,,,,,4
11.0,11,1.0,,7.0,,,,,,,,,,,,,,0.0,0.0,4
12.0,12,1.0,,10.0,,,,,,,,,,,,,,0.0,0.0,4
13.0,13,,,,,,,,,,,,,,,,,,,5
14.0,14,1.0,,7.0,,,,,,,,,,,,,,0.0,0.0,5
15.0,15,1.0,,10.0,,,,,,,,,,,,,,0.0,0.0,5
16.0,16,,,,,,,,,,,,,,,,,,,6
17.0,17,1.0,,18.0,,,,,,,,,,,,,,0.0,0.0,6
18.0,18,1.0,,36.0,,,,,,,,,,,,,,0.0,0.0,6
19.0,19,,,,,,,,,,,,,,,,,,,7
20.0,20,1.0,,20.0,,,,night,,,,,,,,,,0.0,0.0,7
20.0,20,1.0,,20.0,,,,,,,,,,,,,,0.0,0.0,7
21.0,21,,,,,,,,,,,,,,,,,,,8
22.0,22,1.0,,20.0,,,,,,,,,,,,,,0.0,0.0,8
23.0,23,,,,,,,,,,,,,,,,,,,9
24.0,24,1.0,,22.0,,,,,,,,,,,,,,0.0,0.0,9
25.0,25,1.0,,,,,,,,,220.0,,,,,,,0.0,0.0,10
26.0,26,3.0,83.0,,,,,,,,,,,,,,,0.0,0.0,10
27.0,27,,,,,,,,,,,,,,,,,,,11
28.0,28,3.0,885.0,,,,,,,,,,,,,,,0.0,0.0,11
28.0,28,1.0,,22.0,,,,,,,,,,,,,,0.0,0.0,11
29.0,29,,,,,,,,,,,,,,,,,,,12
30.0,30,1.0,,16.0,,,,,,,,,,,,,,0.0,0.0,12
31.0,31,3.0,81.0,,,,,,,,,,,,,,,0.0,0.0,12
32.0,32,,,,,,,,,,,,,,,,,,,13
33.0,33,1.0,,16.0,,,,,,,,,,,,,,0.0,0.0,13
34.0,34,3.0,81.0,,,,,,,,,,,,,,,0.0,0.0,13
35.0,35,1.0,,,,,,,,,160.0,,,,,,,0.0,0.0,14
36.0,36,3.0,81.0,,,,,,,,,,,,,,,0.0,0.0,14
37.0,37,,,,,,,,,,,,,,,,,,,15
38.0,38,3.0,885.0,,,,,,,,,,,,,,,0.0,0.0,15
38.0,38,3.0,82.0,,,,,,,,,,,,,,,0.0,0.0,15
39.0,39,1.0,,,,,,,,,160.0,,,,,,,0.0,0.0,16
40.0,40,3.0,81.0,,,,,,,,,,,,,,,0.0,0.0,16
41.0,41,,,,,,,,,,,,,,,,,,,17
42.0,42,1.0,,22.0,,,,,,,,,,,,,,0.0,0.0,17
43.0,43,,,,,,,,,,,,,,,,,,,18
44.0,44,1.0,,21.0,,,,,,,,,,,,,,0.0,0.0,18
45.0,45,3.0,85.0,,,,,,,,,,,,,,,0.0,0.0,18
46.0,46,,,,,,,,,,,,,,,,,,,19
47.0,47,1.0,,24.0,,,,,,,,,,,,,,0.0,0.0,19
48.0,48,,,,,,,,,,,,,,,,,,,20
49.0,49,1.0,,31.0,,,,,,,,,,,,,,0.0,0.0,20
50.0,50,,,,,,,,,,,,,,,,,,,21
51.0,51,1.0,,26.0,,,,,,,,,,,,,,0.0,0.0,21
52.0,52,,,,,,,,,,,,,,,,,,,22
53.0,53,1.0,,,,,,,,,160.0,,,,,,,0.0,0.0,22
53.0,53,1.0,,28.0,,,,,,,,,,,,,,0.0,0.0,22
54.0,54,,,,,,,,,,,,,,,,,,,23
55.0,55,1.0,,33.0,,,,,,,,,,,,,,0.0,0.0,23
56.0,56,,,,,,,,,,,,,,,,,,,24
57.0,57,1.0,,28.0,,,,,,,,,,,,,,0.0,0.0,24
58.0,58,,,,,,,,,,,,,,,,,,,25
59.0,59,3.0,82.0,,,,,,,,,,,,,,,0.0,0.0,25
60.0,60,,,,,,,,,,,,,,,,,,,26
61.0,61,1.0,,25.0,,,,,,,,,,,,,,0.0,0.0,26
62.0,62,3.0,84.0,,,,,,,,,,,,,,,0.0,0.0,26
63.0,63,,,,,,,,,,,,,,,,,,,27
64.0,64,1.0,,16.0,,,,,,,,,,,,,,0.0,0.0,27
65.0,65,2.0,,,,,,,,,,,,,,,,0.0,0.0,27
66.0,66,,,,,,,,,,,,,,,,,,,28
67.0,67,1.0,,28.0,,,,,,,,,,,,,,0.0,0.0,28
68.0,68,2.0,,,,,,,,,,,,,,,,0.0,0.0,28
69.0,69,,,,,,,,,,,,,,,,,,,29
70.0,70,1.0,,21.0,,,,,,,,,,,,,,0.0,0.0,29
71.0,71,3.0,85.0,,,,,,,,,,,,,,,0.0,0.0,29
72.0,72,,,,,,,,,,,,,,,,,,,30
73.0,73,1.0,,30.0,,,,,,,,,,,,,,0.0,0.0,30
74.0,74,,,,,,,,,,,,,,,,,,,31
75.0,75,1.0,,25.0,,,,,,,,,,,,,,0.0,0.0,31
76.0,76,2.0,,,,,,,,,,,,,,,,0.0,0.0,31
77.0,77,,,,,,,,,,,,,,,,,,,32
78.0,78,1.0,,40.0,,,,,,,,,,,,,,0.0,0.0,32
79.0,79,,,,,,,,,,,,,,,,,,,33
80.0,80,1.0,,37.0,,,,,,,,,,,,,,0.0,0.0,33
80.0,80,3.0,1633.0,,,,,,,,,,,,,,,0.0,0.0,33
81.0,81,,,,,,,,,,,,,,,,,,,34
82.0,82,1.0,,30.0,,,,,,,,,,,,,,0.0,0.0,34
83.0,83,,,,,,,,,,,,,,,,,,,35
84.0,84,,,,,,,,,,,,,,,,,,,36
85.0,85,1.0,,31.0,,,,,,,,,,,,,,0.0,0.0,36
86.0,86,,,,,,,,,,,,,,,,,,,37
87.0,87,1.0,,34.0,,,,,,,,,,,,,,0.0,0.0,37
88.0,88,,,,,,,,,,,,,,,,,,,38
89.0,89,1.0,,38.0,,,,,,,,,,,,,,0.0,0.0,38
90.0,90,,,,,,,,,,,,,,,,,,,39
91.0,91,3.0,84.0,,,,,,,,,,,,,,,0.0,0.0,39
92.0,92,,,,,,,,,,,,,,,,,,,40
93.0,93,1.0,,25.0,,,,,,,,,,,,,,0.0,0.0,40
94.0,94,2.0,,,,,,,,,,,,,,,,0.0,0.0,40
95.0,95,,,,,,,,,,,,,,,,,,,41
96.0,96,,,,,,,,,,,,,,,,,,,42
97.0,97,1.0,,26.0,,,,,,,,,,,,,,0.0,0.0,42
98.0,98,,,,,,,,,,,,,,,,,,,43
99.0,99,1.0,,28.0,,,,,,,,,,,,,,0.0,0.0,43
100.0,100,,,,,,,,,,,,,,,,,,,44
101.0,101,1.0,,30.0,,,,,,,,,,,,,,0.0,0.0,44
102.0,102,,,,,,,,,,,,,,,,,,,45
103.0,103,3.0,85.0,,,,,,,,,,,,,,,0.0,0.0,45
104.0,104,,,,,,,,,,,,,,,,,,,46
105.0,105,1.0,,28.0,,,,night,,,,,,,,,,0.0,0.0,46
105.0,105,1.0,,28.0,,,,,,,,,,,,,,0.0,0.0,46
106.0,106,1.0,,20.0,,,,,,,,,,1.0,,,,0.0,0.0,47
107.0,107,1.0,,20.0,,,,,,,,,,-1.0,,,,0.0,0.0,47
108.0,108,,,,,,,,,,,,,,,,,,,48
109.0,109,,,,,,,,,,,,,,,,,,,49
110.0,110,1.0,,35.0,,,,,,,,,,,,,,0.0,0.0,49
111.0,111,,,,,,,,,,,,,,,,,,,50
112.0,112,1.0,,42.0,,,,,,,,,,,,,,0.0,0.0,50
113.0,113,1.0,,,,,110.0,day,,,,,,,,,,0.0,0.0,51
114.0,114,,,,,,,,,,,,,,,,,,,52
115.0,115,,,,,,,,,,,,,,,,,,,53
116.0,116,,,,,,,,,,,,,,,,,,,54
117.0,117,1.0,,32.0,,,,,,,,,,,,,,0.0,0.0,54
118.0,118,,,,,,,,,,,,,,,,,,,55
119.0,119,1.0,,33.0,,,,,,,,,,,,,,0.0,0.0,55
120.0,120,,,,,,,,,,,,,,,,,,,56
121.0,121,3.0,84.0,,,,,,,,,,,,,,,0.0,0.0,56
122.0,122,1.0,,,,,,,102.0,,,,,,,,,0.0,0.0,57
123.0,123,,,,,,,,,,,,,,,,,,,58
124.0,124,1.0,,30.0,,,,,,,,,,,,,,0.0,0.0,59
125.0,125,1.0,,30.0,,,,,,,,,,,,,,0.0,0.0,60
126.0,126,1.0,,30.0,,,,,,,,,,,,,,0.0,0.0,61
127.0,127,,,,,,,,,,,,,,,,,,,62
128.0,128,,,,,,,,,,,,,,,,,,,63
129.0,129,,,,,,,,,,,,,,,,,,,64
130.0,130,1.0,,20.0,,,,,,,,,,,,,,0.0,0.0,64
131.0,131,,,,,,,,,,,,,,,,,,,65
132.0,132,,,,,,,,,,,,,,,,,,,66
133.0,133,,,,,,,,,,,,,,,,,,,67
134.0,134,3.0,84.0,,,,,,,,,,,,,,,0.0,0.0,67
135.0,135,3.0,83.0,,,,,,,,,,,,,,,0.0,0.0,67
136.0,136,3.0,82.0,,,,,,,,,,,,,,,0.0,0.0,67
137.0,137,,,,,,,,,,,,,,,,,,,68
138.0,138,,,,,,,,,,,,,,,,,,,69
139.0,139,1.0,,40.0,,,,,,,,,,,,,,0.0,0.0,69
140.0,140,,,,,,,,,,,,,,,,,,,70
141.0,141,1.0,,40.0,,,,,,,,,,,,,,0.0,0.0,70
142.0,142,,,,,,,,,,,,,,,,,,,71
143.0,143,1.0,,,,,,,,,160.0,,,,,,,0.0,0.0,72
144.0,144,,,,,,,,,,,,,,,,,,,73
145.0,145,,,,,,,,,,,,,,,,,,,74
146.0,146,,,,,,,,,,,,,,,,,,,75
147.0,147,,,,,,,,,,,,,,,,,,,76
148.0,148,1.0,,30.0,,,,,,,,,,,,,,0.0,0.0,76
149.0,149,1.0,,55.0,,,,,,,,,,,,,,0.0,0.0,76
150.0,150,,,,,,,,,,,,,,,,,,,77
151.0,151,,,,,,,,,,,,,,,,,,,78
152.0,152,,,,,,,,,,,,,,,,,,,79
153.0,153,1.0,,16.0,,,,,,,,,,,,,,0.0,0.0,79
154.0,154,1.0,,32.0,,,,,,,,,,,,,,0.0,0.0,79
155.0,155,,,,,,,,,,,,,,,,,,,80
156.0,156,1.0,,14.0,,,,,,,,,,,,,,0.0,0.0,80
157.0,157,1.0,,36.0,,,,,,,,,,,,,,0.0,0.0,80
158.0,158,,,,,,,,,,,,,,,,,,,81
159.0,159,1.0,,18.0,,,,,,,,,,,,,,0.0,0.0,81
160.0,160,1.0,,30.0,,,,,,,,,,,,,,0.0,0.0,81
161.0,161,,,,,,,,,,,,,,,,,,,82
162.0,162,1.0,,15.0,,,,,,,,,,,,,,0.0,0.0,82
163.0,163,,,,,,,,,,,,,,,,,,,83
164.0,164,1.0,,20.0,,,,,,,,,,,,,,0.0,0.0,83
165.0,165,,,,,,,,,,,,,,,,,,,84
166.0,166,1.0,,18.0,,,,,,,,,,,,,,0.0,0.0,84
167.0,167,,,,,,,,,,,,,,,,,,,85
168.0,168,1.0,,22.0,,,,,,,,,,,,,,0.0,0.0,85
169.0,169,1.0,,,,,,,,,160.0,,,,,,,0.0,0.0,17
170.0,170,,,,,,,,,,,,,,,,,,,86
171.0,171,1.0,,27.0,,,,,,,,,,,,,,0.0,0.0,86
172.0,172,,,,,,,,,,,,,,,,,,,10
173.0,173,,,,,,,,,,,,,,,,,,,14
174.0,174,,,,,,,,,,,,,,,,,,,16
175.0,175,,,,,,,,,,,,,,,,,,,87
176.0,176,1.0,,,,,,,,,160.0,,,,,,,0.0,0.0,87
177.0,177,,,,,,,,,,,,,,,,,,,88
178.0,178,1.0,,25.0,,,,,,,,,,,,,,0.0,0.0,88
179.0,179,,,,,,,,,,,,,,,,,,,89
180.0,180,1.0,,15.0,,,,,,,,,,,,,,0.0,0.0,89
181.0,181,1.0,,30.0,,,,,,,,,,,,,,0.0,0.0,89
182.0,182,3.0,80.0,,,,,,,,,,,,,,,0.0,0.0,18
183.0,183,1.0,,,,,,,,,160.0,,,,,,,0.0,0.0,90
184.0,184,1.0,,18.0,,,,,,,,,,,,,,0.0,0.0,90
185.0,185,1.0,,,,,,,102.0,,,,,,,,,0.0,0.0,91
186.0,186,2.0,,,,,198.0,,,,,,,,,,,0.0,0.0,26
187.0,187,,,,,,,,,,,,,,,,,,,92
188.0,188,1.0,,18.0,,,,,,,,,,,,,,0.0,0.0,92
189.0,189,1.0,,27.0,,,,,,,,,,,,,,0.0,0.0,92
190.0,190,,,,,,,,,,,,,,,,,,,93
191.0,191,,,,,,,,,,,,,,,,,,,94
192.0,192,3.0,80.0,,,,,,,,,,,,,,,0.0,0.0,94
193.0,193,,,,,,,,,,,,,,,,,,,95
194.0,194,,,,,,,,,,,,,,,,,,,96
195.0,195,1.0,,20.0,,,,,,,,,,,,,,0.0,0.0,96
196.0,196,1.0,,,,,,day,,,160.0,,,,,,,0.0,0.0,67
197.0,197,1.0,,,,,,night,,,160.0,,,,,,,0.0,0.0,67
198.0,198,,,,,,,,,,,,,,,,,,,97
199.0,199,2.0,,,,,198.0,,,,,,,,,,,0.0,0.0,33
199.0,199,3.0,1643.0,,,,,,,,,,,,,,,0.0,0.0,33
200.0,200,,,,,,,,,,,,,,,,,,,98
201.0,201,,,,,,,,,,,,,,,,,,,99
202.0,202,1.0,,15.0,,,,,,,,,,,,,,0.0,0.0,100
203.0,203,,,,,,,,,,,,,,,,,,,101
204.0,204,,,,,,,,,,,,,,,,,,,102
205.0,205,1.0,,31.0,,,,,,,,,,,,,,0.0,0.0,102
206.0,206,,,,,,,,,,,,,,,,,,,103
207.0,207,,,,,,,,,,,,,,,,,,,104
208.0,208,2.0,,,,,210.0,,,,,,,,,,,0.0,0.0,41
209.0,209,,,,,,,,,,,,,,,,,,,105
210.0,210,1.0,,23.0,,,,,,,,,,,,,,0.0,0.0,105
211.0,211,,,,,,,,,,,,,,,,,,,106
212.0,212,2.0,,,,,210.0,,,,,,,,,,,0.0,0.0,58
213.0,213,,,,,,,,,,,,,,,,,,,107
214.0,214,,,,,,,,,,,,,,,,,,,108
215.0,215,,,,,,,,,,,,,,,,,,,109
216.0,216,,,,,,,,,,,,,,,,,,,110
217.0,217,1.0,,30.0,,,,,,,,,,,,,,0.0,0.0,110
218.0,218,,,,,,,,,,,,,,,,,,,111
219.0,219,1.0,,38.0,,,,,,,,,,,,,,0.0,0.0,111
220.0,220,,,,,,,,,,,,,,,,,,,112
221.0,221,1.0,,33.0,,,,,,,,,,,,,,0.0,0.0,112
222.0,222,,,,,,,,,,,,,,,,,,,113
223.0,223,,,,,,,,,,,,,,,,,,,114
224.0,224,1.0,,25.0,,,,,,,,,,,,,,0.0,0.0,114
225.0,225,,,,,,,,,,,,,,,,,,,115
226.0,226,1.0,,,,,,,,,,,,,223.0,,,0.0,0.0,116
227.0,227,,,,,,,,,,,,,,,,,,,117
228.0,228,,,,,,,,,,,,,,,,,,,118
229.0,229,1.0,,24.0,,,,,,,,,,,,,,0.0,0.0,118
230.0,230,2.0,,,,,212.0,,,,,,,,,,,0.0,0.0,54
231.0,231,,,,,,,,,,,,,,,,,,,119
232.0,232,1.0,,25.0,,,,,,,,,,,,,,0.0,0.0,119
233.0,233,2.0,,,,,229.0,,,,,,,,,,,0.0,0.0,68
234.0,234,,,,,,,,,,,,,,,,,,,120
235.0,235,,,,,,,,,,,,,,,,,,,121
236.0,236,,,,,,,,,,,,,,,,,,,47
237.0,237,1.0,,20.0,,,,,,,,,,0.0,,,,0.0,0.0,47
238.0,238,,,,,,,,,,,,,,,,,,,59
239.0,239,,,,,,,,,,,,,,,,,,,60
240.0,240,,,,,,,,,,,,,,,,,,,61
241.0,241,,,,,,,,,,,,,,,,,,,122
242.0,242,1.0,,,,,,,,,160.0,,,,,,,0.0,0.0,51
243.0,243,,,,,,,,,,,,,,,,,,,123
244.0,244,,,,,,,,,,,,,,,,,,,124
245.0,245,,,,,,,,,,,,,,,,,,,125
246.0,246,,,,,,,,,,,,,,,,,,,126
247.0,247,1.0,,30.0,,,,,,,,,,,,,,0.0,0.0,126
248.0,248,1.0,,55.0,,,,,,,,,,,,,,0.0,0.0,126
249.0,249,,,,,,,,,,,,,,,,,,,127
250.0,250,,,,,,,,,,,,,,,,,,,128
251.0,251,,,,,,,,,,,,,,,,,,,129
252.0,252,,,,,,,,,,,,,,,,,,,130
253.0,253,1.0,,16.0,,,,,,,,,,,,,,0.0,0.0,130
254.0,254,1.0,,36.0,,,,,,,,,,,,,,0.0,0.0,130
255.0,255,,,,,,,,,,,,,,,,,,,131
256.0,256,1.0,,16.0,,,,,,,,,,,,,,0.0,0.0,131
257.0,257,1.0,,36.0,,,,,,,,,,,,,,0.0,0.0,131
258.0,258,,,,,,,,,,,,,,,,,,,132
259.0,259,1.0,,16.0,,,,,,,,,,,,,,0.0,0.0,132
260.0,260,1.0,,36.0,,,,,,,,,,,,,,0.0,0.0,132
261.0,261,,,,,,,,,,,,,,,,,,,133
262.0,262,1.0,,18.0,,,,,,,,,,,,,,0.0,0.0,133
263.0,263,,,,,,,,,,,,,,,,,,,134
264.0,264,1.0,,20.0,,,,,,,,,,,,,,0.0,0.0,134
265.0,265,,,,,,,,,,,,,,,,,,,135
266.0,266,1.0,,7.0,,,,,,,,,,,,,,0.0,0.0,135
267.0,267,1.0,,10.0,,,,,,,,,,,,,,0.0,0.0,135
268.0,268,1.0,,7.0,,,,,,,,,,,,,,0.0,0.0,135
269.0,269,1.0,,10.0,,,,,,,,,,,,,,0.0,0.0,135
270.0,270,,,,,,,,,,,,,,,,,,,136
271.0,271,1.0,,14.0,,,,,,,,,,,,,,0.0,0.0,136
272.0,272,3.0,84.0,,,,,,,,,,,,,,,0.0,0.0,136
273.0,273,,,,,,,,,,,,,,,,,,,137
274.0,274,1.0,,14.0,,,,,,,,,,,,,,0.0,0.0,137
275.0,275,3.0,85.0,,,,,,,,,,,,,,,0.0,0.0,137
276.0,276,,,,,,,,,,,,,,,,,,,138
277.0,277,1.0,,22.0,,,,,,,,,,,,,,0.0,0.0,138
278.0,278,,,,,,,,,,,,,,,,,,,139
279.0,279,1.0,,25.0,,,,,,,,,,,,,,0.0,0.0,139
280.0,280,,,,,,,,,,,,,,,,,,,140
281.0,281,1.0,,20.0,,,,,,,,,,,,,,0.0,0.0,140
282.0,282,1.0,,30.0,,,,,,,,,,,,,,0.0,0.0,140
283.0,283,,,,,,,,,,,,,,,,,,,141
284.0,284,1.0,,22.0,,,,,,,,,,,,,,0.0,0.0,141
285.0,285,,,,,,,,,,,,,,,,,,,142
286.0,286,1.0,,23.0,,,,,,,,,,,,,,0.0,0.0,142
287.0,287,,,,,,,,,,,,,,,,,,,143
288.0,288,1.0,,18.0,,,,,,,,,,,,,,0.0,0.0,143
289.0,289,1.0,,36.0,,,,,,,,,,,,,,0.0,0.0,143
290.0,290,,,,,,,,,,,,,,,,,,,144
291.0,291,1.0,,20.0,,,,,,,,,,,,,,0.0,0.0,144
292.0,292,4.0,,,,,,,,,,,,,,,,0.0,0.0,144
293.0,293,,,,,,,,,,,,,,,,,,,145
294.0,294,1.0,,20.0,,,,,,,,,,,,,,0.0,0.0,145
295.0,295,1.0,,40.0,,,,,,,,,,,,,,0.0,0.0,145
296.0,296,,,,,,,,,,,,,,,,,,,146
297.0,297,1.0,,24.0,,,,,,,,,,,,,,0.0,0.0,146
298.0,298,,,,,,,,,,,,,,,,,,,90
299.0,299,,,,,,,,,,,,,,,,,,,147
300.0,300,,,,,,,,,,,,,,,,,,,148
301.0,301,3.0,81.0,,,,,,,,,,,,,,,0.0,0.0,148
302.0,302,,,,,,,,,,,,,,,,,,,149
303.0,303,,,,,,,,,,,,,,,,,,,150
304.0,304,,,,,,,,,,,,,,,,,,,151
305.0,305,1.0,,32.0,,,,,,,,,,,,,,0.0,0.0,151
306.0,306,1.0,,42.0,,,,,,,,,,,,,,0.0,0.0,151
307.0,307,,,,,,,,,,,,,,,,,,,152
308.0,308,1.0,,37.0,,,,,,,,,,,,,,0.0,0.0,152
309.0,309,,,,,,,,,,,,,,,,,,,153
310.0,310,1.0,,26.0,,,,,,,,,,,,,,0.0,0.0,153
311.0,311,,,,,,,,,,,,,,,,,,,154
312.0,312,,,,,,,,,,,,,,,,,,,155
313.0,313,,,,,,,,,,,,,,,,,,,156
314.0,314,,,,,,,,,,,,,,,,,,,157
315.0,315,1.0,,,,,,day,,,160.0,,,,,,,0.0,0.0,158
316.0,316,,,,,,,,,,,,,,,,,,,159
317.0,317,1.0,,26.0,,,,,,,,,,,,,,0.0,0.0,159
318.0,318,,,,,,,,,,,,,,,,,,,160
319.0,319,1.0,,30.0,,,,,,,,,,,,,,0.0,0.0,160
320.0,320,,,,,,,,,,,,,,,,,,,161
321.0,321,1.0,,40.0,,,,,,,,,,,,,,0.0,0.0,161
322.0,322,,,,,,,,,,,,,,,,,,,162
323.0,323,1.0,,33.0,,,,,,,,,,,,,,0.0,0.0,162
324.0,324,,,,,,,,,,,,,,,,,,,163
325.0,325,,,,,,,,,,,,,,,,,,,164
326.0,326,1.0,,32.0,,,,,,,,,,,,,,0.0,0.0,164
327.0,327,,,,,,,,,,,,,,,,,,,165
328.0,328,,,,,,,,,,,,,,,,,,,166
329.0,329,1.0,,35.0,,,,,,,,,,,,,,0.0,0.0,166
330.0,330,1.0,,45.0,,,,,,,,,,,,,,0.0,0.0,166
331.0,331,,,,,,,,,,,,,,,,,,,167
332.0,332,1.0,,32.0,,,,,,,,,,,,,,0.0,0.0,167
333.0,333,,,,,,,,,,,,,,,,,,,168
334.0,334,1.0,,35.0,,,,,,,,,,,,,,0.0,0.0,168
335.0,335,,,,,,,,,,,,,,,,,,,169
336.0,336,,,,,,,,,,,,,,,,,,,170
337.0,337,,,,,,,,,,,,,,,,,,,171
338.0,338,,,,,,,,,,,,,,,,,,,172
339.0,339,,,,,,,,,,,,,,,,,,,173
340.0,340,1.0,,30.0,,,,,,,,,,,,,,0.0,0.0,173
341.0,341,,,,,,,,,,,,,,,,,,,174
342.0,342,1.0,,30.0,,,,,,,,,,,,,,0.0,0.0,174
343.0,343,,,,,,,,,,,,,,,,,,,175
344.0,344,1.0,,36.0,,,,,,,,,,,,,,0.0,0.0,175
345.0,345,,,,,,,,,,,,,,,,,,,176
346.0,346,1.0,,40.0,,,,,,,,,,,,,,0.0,0.0,176
347.0,347,,,,,,,,,,,,,,,,,,,177
348.0,348,1.0,,40.0,,,,,,,,,,,,,,0.0,0.0,177
349.0,349,,,,,,,,,,,,,,,,,,,178
350.0,350,1.0,,,,,,,,,,170.0,,,,,,0.0,0.0,178
350.0,350,1.0,,,,,,,,,,171.0,,,,,,0.0,0.0,178
350.0,350,2.0,,,,,580.0,,,,,,,,,,,0.0,0.0,178
351.0,351,,,,,,,,,,,,,,,,,,,179
352.0,352,,,,,,,,,,,,,,,,,,,180
353.0,353,,,,,,,,,,,,,,,,,,,181
354.0,354,1.0,,37.0,,,,,,,,,,,,,,0.0,0.0,181
355.0,355,,,,,,,,,,,,,,,,,,,182
356.0,356,1.0,,37.0,,,,,,,,,,,,,,0.0,0.0,182
357.0,357,,,,,,,,,,,,,,,,,,,183
358.0,358,1.0,,,,,,night,,,220.0,,,,,,,0.0,0.0,184
359.0,359,,,,,,,,,,,,,,,,,,,185
360.0,360,,,,,,,,,,,,,,,,,,,100
361.0,361,,,,,,,,,,,,,,,,,,,186
362.0,362,1.0,,42.0,,,,,,,,,,,,,,0.0,0.0,186
363.0,363,,,,,,,,,,,,,,,,,,,187
364.0,364,1.0,,32.0,,,,,,,,,,,,,,0.0,0.0,187
365.0,365,1.0,,44.0,,,,,,,,,,,,,,0.0,0.0,187
366.0,366,,,,,,,,,,,,,,,,,,,188
367.0,367,2.0,,,,,203.0,,,,,,,,,,,0.0,0.0,188
368.0,368,2.0,,,,,204.0,,,,,,,,,,,0.0,0.0,188
369.0,369,,,,,,,,,,,,,,,,,,,189
370.0,370,,,,,,,,,,,,,,,,,,,190
371.0,371,,,,,,,,,,,,,,,,,,,191
372.0,372,1.0,,30.0,,,,,,,,,,,,,,0.0,0.0,191
373.0,373,1.0,,50.0,,,,,,,,,,,,,,0.0,0.0,191
374.0,374,,,,,,,,,,,,,,,,,,,192
375.0,375,1.0,,20.0,,,,,,,,,,,,,,0.0,0.0,192
376.0,376,1.0,,45.0,,,,,,,,,,,,,,0.0,0.0,192
377.0,377,,,,,,,,,,,,,,,,,,,193
378.0,378,,,,,,,,,,,,,,,,,,,194
379.0,379,,,,,,,,,,,,,,,,,,,195
380.0,380,,,,,,,,,,,,,,,,,,,196
381.0,381,,,,,,,,,,,,,,,,,,,197
382.0,382,,,,,,,,,,,,,,,,,,,198
383.0,383,,,,,,,,,,,,,,,,,,,199
384.0,384,,,,,,,,,,,,,,,,,,,200
385.0,385,,,,,,,,,,,,,,,,,,,201
386.0,386,,,,,,,,,,,,,,,,,,,202
387.0,387,,,,,,,,,,,,,,,,,,,203
388.0,388,1.0,,18.0,,,,,,,,,,,,,,0.0,0.0,203
389.0,389,1.0,,32.0,,,,,,,,,,,,,,0.0,0.0,203
390.0,390,,,,,,,,,,,,,,,,,,,204
391.0,391,1.0,,14.0,,,,,,,,,,,,,,0.0,0.0,204
392.0,392,1.0,,36.0,,,,,,,,,,,,,,0.0,0.0,204
393.0,393,,,,,,,,,,,,,,,,,,,205
394.0,394,1.0,,16.0,,,,,,,,,,,,,,0.0,0.0,205
395.0,395,1.0,,36.0,,,,,,,,,,,,,,0.0,0.0,205
396.0,396,,,,,,,,,,,,,,,,,,,206
397.0,397,1.0,,14.0,,,,,,,,,,,,,,0.0,0.0,206
398.0,398,1.0,,34.0,,,,,,,,,,,,,,0.0,0.0,206
399.0,399,,,,,,,,,,,,,,,,,,,207
400.0,400,1.0,,15.0,,,,,,,,,,,,,,0.0,0.0,207
401.0,401,,,,,,,,,,,,,,,,,,,208
402.0,402,1.0,,10.0,,,,,,,,,,,,,,0.0,0.0,208
403.0,403,,,,,,,,,,,,,,,,,,,209
404.0,404,1.0,,15.0,,,,,,,,,,,,,,0.0,0.0,209
405.0,405,1.0,,30.0,,,,,,,,,,,,,,0.0,0.0,209
406.0,406,,,,,,,,,,,,,,,,,,,158
407.0,407,3.0,107.0,,,,,,,,,,,,,,,0.0,0.0,158
408.0,408,,,,,,,,,,,,,,,,,,,211
409.0,409,1.0,,30.0,,,,,,,,,,,,,,0.0,0.0,211
410.0,410,,,,,,,,,,,,,,,,,,,212
411.0,411,1.0,,30.0,,,,,,,,,,,,,,0.0,0.0,212
412.0,412,,,,,,,,,,,,,,,,,,,213
413.0,413,1.0,,20.0,1.0,,,,,,,,,,,,,0.0,0.0,213
414.0,414,1.0,,20.0,2.0,,,,,,,,,,,,,0.0,0.0,213
415.0,415,,,,,,,,,,,,,,,,,,,214
416.0,416,1.0,,21.0,1.0,,,,,,,,,,,,,0.0,0.0,214
417.0,417,,,,,,,,,,,,,,,,,,,215
418.0,418,,,,,,,,,,,,,,,,,,,216
419.0,419,1.0,,26.0,,,,,,,,,,,,,,0.0,0.0,216
420.0,420,,,,,,,,,,,,,,,,,,,217
421.0,421,1.0,,25.0,,,,,,,,,,,,,,0.0,0.0,217
422.0,422,,,,,,,,,,,,,,,,,,,218
423.0,423,1.0,,30.0,,,,,,,,,,,,,,0.0,0.0,218
424.0,424,1.0,,,,,,,458.0,,,,,,,,,0.0,0.0,93
425.0,425,,,,,,,,,,,,,,,,,,,219
426.0,426,1.0,,28.0,,,,,,,,,,,,,,0.0,0.0,219
427.0,427,,,,,,,,,,,,,,,,,,,220
428.0,428,1.0,,,,,,,,,160.0,,,,,,,0.0,0.0,220
429.0,429,3.0,108.0,,,,,,,,,,,,,,,0.0,0.0,98
430.0,430,3.0,108.0,,,,,,,,,,,,,,,0.0,0.0,97
431.0,431,,,,,,,,,,,,,,,,,,,221
432.0,432,1.0,,38.0,,,,,,,,,,,,,,0.0,0.0,221
433.0,433,,,,,,,,,,,,,,,,,,,184
434.0,434,,,,,,,,,,,,,,,,,,,223
435.0,435,1.0,,34.0,,,,,,,,,,,,,,0.0,0.0,223
436.0,436,,,,,,,,,,,,,,,,,,,224
437.0,437,1.0,,33.0,,,,,,,,,,,,,,0.0,0.0,224
438.0,438,,,,,,,,,,,,,,,,,,,91
439.0,439,,,,,,,,,,,,,,,,,,,57
440.0,440,,,,,,,,,,,,,,,,,,,51
441.0,441,,,,,,,,,,,,,,,,,,,228
442.0,442,,,,,,,,,,,,,,,,,,,229
443.0,443,,,,,,,,,,,,,,,,,,,230
444.0,444,1.0,,24.0,,,,,,,,,,,,,,0.0,0.0,230
445.0,445,1.0,,48.0,,,,,,,,,,,,,,0.0,0.0,230
446.0,446,,,,,,,,,,,,,,,,,,,72
447.0,447,,,,,,,,,,,,,,,,,,,232
448.0,448,1.0,,,,,,day,,,160.0,,,,,,,0.0,0.0,232
449.0,449,,,,,,,,,,,,,,,,,,,233
450.0,450,1.0,,34.0,,,,,,,,,,,,,,0.0,0.0,233
451.0,451,,,,,,,,,,,,,,,,,,,234
452.0,452,1.0,,40.0,,,,,,,,,,,,,,0.0,0.0,234
453.0,453,,,,,,,,,,,,,,,,,,,235
454.0,454,1.0,,37.0,,,,,,,,,,,,,,0.0,0.0,235
455.0,455,,,,,,,,,,,,,,,,,,,236
456.0,456,,,,,,,,,,,,,,,,,,,237
457.0,457,1.0,,31.0,,,,,,,,,,,,,,0.0,0.0,237
458.0,458,,,,,,,,,,,,,,,,,,,116
459.0,459,,,,,,,,,,,,,,,,,,,239
460.0,460,1.0,,40.0,,,,,,,,,,,,,,0.0,0.0,239
461.0,461,1.0,,,,,303.0,night,,,,,,,,,,0.0,0.0,109
462.0,462,1.0,,,,379.0,,,,,,,,,,,,0.0,0.0,34
462.0,462,3.0,83.0,,,,,,,,,,,,,,,0.0,0.0,34
462.0,462,1.0,,,,,,,,,,,,,,,,0.0,0.0,34
462.0,462,1.0,,,,10.0,,,,,,,,,,,,0.0,0.0,34
462.0,462,1.0,,,,629.0,,,,,,,,,,,,0.0,0.0,34
463.0,463,1.0,,,,,,,205.0,,,,,,,,,0.0,0.0,48
464.0,464,2.0,,,,,298.0,,,,,,,,,,,0.0,0.0,50
465.0,465,1.0,,,,,,,246.0,,,,,,,,,0.0,0.0,52
466.0,466,2.0,,,,,299.0,,,,,,,,,,,0.0,0.0,60
467.0,467,2.0,,,,,300.0,,,,,,,,,,,0.0,0.0,61
468.0,468,3.0,107.0,,,,,,,,,,,,,,,0.0,0.0,87
469.0,469,1.0,,,,,,,246.0,,,,,,,,,0.0,0.0,95
470.0,470,1.0,,,,650.0,,,,,,,,,,,,0.0,0.0,67
470.0,470,3.0,85.0,,,,,,,,,,,,,,,0.0,0.0,67
470.0,470,1.0,,,,375.0,,,,,,,,,,,,0.0,0.0,67
470.0,470,1.0,,,,8.0,,,,,,,,,,,,0.0,0.0,67
471.0,471,1.0,,,,380.0,,,,,,,,,,,,0.0,0.0,67
471.0,471,1.0,,,,48.0,,,,,,,,,,,,0.0,0.0,67
471.0,471,1.0,,,,640.0,,,,,,,,,,,,0.0,0.0,67
471.0,471,3.0,885.0,,,,,,,,,,,,,,,0.0,0.0,67
472.0,472,1.0,,,,,304.0,night,,,,,,,,,,0.0,0.0,104
473.0,473,1.0,,,,,,,246.0,,,,,,,,,0.0,0.0,112
474.0,474,2.0,,,,,301.0,,,,,,,,,,,0.0,0.0,68
475.0,475,3.0,109.0,,2.0,,,,,,,,,,,,,0.0,0.0,140
476.0,476,1.0,,,,379.0,,,,,,,,,,,,0.0,0.0,147
476.0,476,1.0,,,,,,,,,,,,,,,,0.0,0.0,147
476.0,476,1.0,,,,10.0,,,,,,,,,,,,0.0,0.0,147
476.0,476,1.0,,,,629.0,,,,,,,,,,,,0.0,0.0,147
477.0,477,2.0,,,,,302.0,,,,,,,,,,,0.0,0.0,182
478.0,478,3.0,109.0,,1.0,,,,,,,,,,,,,0.0,0.0,186
479.0,479,,,,,,,,,,,,,,,,,,,240
480.0,480,,,,,,,,,,,,,,,,,,,241
481.0,481,,,,,,,,,,,,,,,,,,,242
482.0,482,,,,,,,,,,,,,,,,,,,243
483.0,483,,,,,,,,,,,,,,,,,,,244
484.0,484,,,,,,,,,,,,,,,,,,,245
485.0,485,,,,,,,,,,,,,,,,,,,246
486.0,486,,,,,,,,,,,,,,,,,,,247
487.0,487,,,,,,,,,,,,,,,,,,,248
488.0,488,,,,,,,,,,,,,,,,,,,249
489.0,489,,,,,,,,,,,,,,,,,,,250
490.0,490,,,,,,,,,,,,,,,,,,,250
491.0,491,,,,,,,,,,,,,,,,,,,252
492.0,492,,,,,,,,,,,,,,,,,,,253
493.0,493,,,,,,,,,,,,,,,,,,,254
494.0,494,,,,,,,,,,,,,,,,,,,255
495.0,495,,,,,,,,,,,,,,,,,,,256
496.0,496,1.0,,17.0,,,,,,,,,,,,,,0.0,0.0,256
497.0,497,1.0,,36.0,,,,,,,,,,,,,,0.0,0.0,256
498.0,498,,,,,,,,,,,,,,,,,,,257
499.0,499,1.0,,17.0,,,,,,,,,,,,,,0.0,0.0,257
500.0,500,1.0,,36.0,,,,,,,,,,,,,,0.0,0.0,257
501.0,501,,,,,,,,,,,,,,,,,,,258
502.0,502,1.0,,17.0,,,,,,,,,,,,,,0.0,0.0,258
503.0,503,1.0,,36.0,,,,,,,,,,,,,,0.0,0.0,258
504.0,504,,,,,,,,,,,,,,,,,,,259
505.0,505,1.0,,20.0,,,,,,,,,,,,,,0.0,0.0,259
506.0,506,,,,,,,,,,,,,,,,,,,260
507.0,507,1.0,,16.0,,,,,,,,,,,,,,0.0,0.0,260
508.0,508,1.0,,32.0,,,,,,,,,,,,,,0.0,0.0,260
509.0,509,,,,,,,,,,,,,,,,,,,261
510.0,510,1.0,,20.0,,,,,,,,,,,,,,0.0,0.0,261
511.0,511,,,,,,,,,,,,,,,,,,,262
512.0,512,3.0,85.0,,,,,,,,,,,,,,,0.0,0.0,262
513.0,513,,,,,,,,,,,,,,,,,,,263
514.0,514,3.0,82.0,,,,,,,,,,,,,,,0.0,0.0,263
515.0,515,,,,,,,,,,,,,,,,,,,264
516.0,516,3.0,84.0,,,,,,,,,,,,,,,0.0,0.0,264
517.0,517,,,,,,,,,,,,,,,,,,,265
518.0,518,3.0,81.0,,,,,,,,,,,,,,,0.0,0.0,265
519.0,519,,,,,,,,,,,,,,,,,,,266
520.0,520,1.0,,21.0,,,,,,,,,,,,,,0.0,0.0,266
521.0,521,1.0,,32.0,,,,,,,,,,,,,,0.0,0.0,266
522.0,522,,,,,,,,,,,,,,,,,,,267
523.0,523,1.0,,27.0,,,,,,,,,,,,,,0.0,0.0,267
524.0,524,,,,,,,,,,,,,,,,,,,268
525.0,525,1.0,,25.0,,,,,,,,,,,,,,0.0,0.0,268
526.0,526,2.0,,,,,,,,,,,,,,,,0.0,0.0,268
527.0,527,,,,,,,,,,,,,,,,,,,269
528.0,528,1.0,,,,,,,,,160.0,,,,,,,0.0,0.0,269
529.0,529,,,,,,,,,,,,,,,,,,,270
530.0,530,1.0,,31.0,,,,,,,,,,,,,,0.0,0.0,270
531.0,531,,,,,,,,,,,,,,,,,,,271
532.0,532,,,,,,,,,,,,,,,,,,,272
533.0,533,1.0,,25.0,,,,,,,,,,,,,,0.0,0.0,272
534.0,534,2.0,,,,,,,,,,,,,,,,0.0,0.0,272
535.0,535,,,,,,,,,,,,,,,,,,,273
536.0,536,1.0,,25.0,,,,,,,,,,,,,,0.0,0.0,273
537.0,537,1.0,,36.0,,,,,,,,,,,,,,0.0,0.0,273
538.0,538,,,,,,,,,,,,,,,,,,,274
539.0,539,,,,,,,,,,,,,,,,,,,275
540.0,540,,,,,,,,,,,,,,,,,,,276
541.0,541,1.0,,20.0,,,,,,,,,,,,,,0.0,0.0,276
542.0,542,1.0,,,,,,,,,220.0,,,,,,,0.0,0.0,276
543.0,543,,,,,,,,,,,,,,,,,,,277
544.0,544,1.0,,22.0,,,,,,,,,,,,,,0.0,0.0,277
545.0,545,1.0,,30.0,,,,,,,,,,,,,,0.0,0.0,277
546.0,546,,,,,,,,,,,,,,,,,,,278
547.0,547,3.0,80.0,,,,,,,,,,,,,,,0.0,0.0,278
548.0,548,,,,,,,,,,,,,,,,,,,279
549.0,549,3.0,80.0,,,,,,,,,,,,,,,0.0,0.0,279
550.0,550,,,,,,,,,,,,,,,,,,,280
551.0,551,,,,,,,,,,,,,,,,,,,281
552.0,552,1.0,,29.0,,,,,,,,,,,,,,0.0,0.0,281
553.0,553,1.0,,40.0,,,,,,,,,,,,,,0.0,0.0,281
554.0,554,,,,,,,,,,,,,,,,,,,282
555.0,555,3.0,885.0,,,,,,,,,,,,,,,0.0,0.0,282
555.0,555,1.0,,35.0,,,,,,,,,,,,,,0.0,0.0,282
556.0,556,,,,,,,,,,,,,,,,,,,283
557.0,557,,,,,,,,,,,,,,,,,,,284
558.0,558,1.0,,34.0,,,,,,,,,,,,,,0.0,0.0,284
559.0,559,,,,,,,,,,,,,,,,,,,285
560.0,560,1.0,,39.0,,,,,,,,,,,,,,0.0,0.0,285
561.0,561,,,,,,,,,,,,,,,,,,,286
562.0,562,,,,,,,,,,,,,,,,,,,287
563.0,563,1.0,,34.0,,,,,,,,,,,,,,0.0,0.0,287
564.0,564,,,,,,,,,,,,,,,,,,,288
565.0,565,1.0,,37.0,,,,,,,,,,,,,,0.0,0.0,288
566.0,566,,,,,,,,,,,,,,,,,,,289
567.0,567,1.0,,37.0,,,,,,,,,,,,,,0.0,0.0,289
568.0,568,,,,,,,,,,,,,,,,,,,290
569.0,569,1.0,,36.0,,,,,,,,,,,,,,0.0,0.0,290
570.0,570,,,,,,,,,,,,,,,,,,,291
571.0,571,1.0,,30.0,,,,,,,,,,,,,,0.0,0.0,291
572.0,572,,,,,,,,,,,,,,,,,,,292
573.0,573,3.0,107.0,,,,,,,,,,,,,,,0.0,0.0,292
574.0,574,,,,,,,,,,,,,,,,,,,293
575.0,575,1.0,,32.0,,,,,,,,,,,,,,0.0,0.0,293
576.0,576,1.0,,41.0,,,,,,,,,,,,,,0.0,0.0,293
577.0,577,,,,,,,,,,,,,,,,,,,294
578.0,578,1.0,,32.0,,,,,,,,,,,,,,0.0,0.0,294
579.0,579,1.0,,41.0,,,,,,,,,,,,,,0.0,0.0,294
580.0,580,,,,,,,,,,,,,,,,,,,295
581.0,581,1.0,,35.0,,,,,,,,,,,,,,0.0,0.0,295
582.0,582,,,,,,,,,,,,,,,,,,,296
583.0,583,1.0,,35.0,,,,,,,,,,,,,,0.0,0.0,296
584.0,584,1.0,,47.0,,,,,,,,,,,,,,0.0,0.0,296
585.0,585,,,,,,,,,,,,,,,,,,,297
586.0,586,1.0,,34.0,,,,,,,,,,,,,,0.0,0.0,297
587.0,587,,,,,,,,,,,,,,,,,,,298
588.0,588,,,,,,,,,,,,,,,,,,,299
589.0,589,2.0,,,,,,,,,,,,,,,616.0,0.0,0.0,299
590.0,590,,,,,,,,,,,,,,,,,,,300
591.0,591,1.0,,39.0,,,,,,,,,,,,,,0.0,0.0,300
592.0,592,,,,,,,,,,,,,,,,,,,301
593.0,593,1.0,,40.0,,,,,,,,,,,,,,0.0,0.0,301
594.0,594,,,,,,,,,,,,,,,,,,,302
595.0,595,,,,,,,,,,,,,,,,,,,303
596.0,596,1.0,,36.0,,,,,,,,,,,,,,0.0,0.0,303
597.0,597,,,,,,,,,,,,,,,,,,,304
598.0,598,1.0,,40.0,,,,,,,,,,,,,,0.0,0.0,304
599.0,599,,,,,,,,,,,,,,,,,,,305
600.0,600,1.0,,38.0,,,,,,,,,,,,,,0.0,0.0,305
601.0,601,1.0,,49.0,,,,,,,,,,,,,,0.0,0.0,305
602.0,602,,,,,,,,,,,,,,,,,,,306
603.0,603,1.0,,39.0,,,,,,,,,,,,,,0.0,0.0,306
604.0,604,3.0,83.0,,,,,,,,,,,,,,,0.0,0.0,306
605.0,605,,,,,,,,,,,,,,,,,,,307
606.0,606,1.0,,42.0,,,,,,,,,,,,,,0.0,0.0,307
607.0,607,,,,,,,,,,,,,,,,,,,308
608.0,608,1.0,,41.0,,,,,,,,,,,,,,0.0,0.0,308
609.0,609,3.0,108.0,,,,,,,,,,,,,,,0.0,0.0,308
610.0,610,,,,,,,,,,,,,,,,,,,309
611.0,611,1.0,,38.0,,,,,,,,,,,,,,0.0,0.0,309
612.0,612,1.0,,48.0,,,,,,,,,,,,,,0.0,0.0,309
613.0,613,,,,,,,,,,,,,,,,,,,310
614.0,614,1.0,,37.0,,,,,,,,,,,,,,0.0,0.0,310
615.0,615,,,,,,,,,,,,,,,,,,,311
616.0,616,,,,,,,,,,,,,,,,,,,312
617.0,617,2.0,,,,,,,,,,,,,,,588.0,0.0,0.0,312
618.0,618,,,,,,,,,,,,,,,,,,,313
619.0,619,,,,,,,,,,,,,,,,,,,314
620.0,620,1.0,,50.0,,,,,,,,,,,,,,0.0,0.0,314
621.0,621,,,,,,,,,,,,,,,,,,,315
622.0,622,,,,,,,,,,,,,,,,,,,316
623.0,623,1.0,,43.0,,,,,,,,,,,,,,0.0,0.0,316
624.0,624,,,,,,,,,,,,,,,,,,,317
625.0,625,1.0,,52.0,,,,,,,,,,,,,,0.0,0.0,317
626.0,626,,,,,,,,,,,,,,,,,,,318
627.0,627,,,,,,,,,,,,,,,,,,,319
628.0,628,1.0,,54.0,,,,,,,,,,,,,,0.0,0.0,319
629.0,629,,,,,,,,,,,,,,,,,,,320
630.0,630,1.0,,54.0,,,,,,,,,,,,,,0.0,0.0,320
631.0,631,,,,,,,,,,,,,,,,,,,321
632.0,632,,,,,,,,,,,,,,,,,,,322
633.0,633,,,,,,,,,,,,,,,,,,,323
634.0,634,1.0,,50.0,,,,,,,,,,,,,,0.0,0.0,323
635.0,635,1.0,,64.0,,,,,,,,,,,,,,0.0,0.0,323
636.0,636,,,,,,,,,,,,,,,,,,,324
637.0,637,1.0,,59.0,,,,,,,,,,,,,,0.0,0.0,324
638.0,638,,,,,,,,,,,,,,,,,,,325
639.0,639,,,,,,,,,,,,,,,,,,,326
640.0,640,,,,,,,,,,,,,,,,,,,327
641.0,641,,,,,,,,,,,,,,,,,,,328
642.0,642,,,,,,,,,,,,,,,,,,,329
643.0,643,,,,,,,,,,,,,,,,,,,330
644.0,644,,,,,,,,,,,,,,,,,,,331
645.0,645,,,,,,,,,,,,,,,,,,,332
646.0,646,,,,,,,,,,,,,,,,,,,333
647.0,647,,,,,,,,,,,,,,,,,,,334
648.0,648,,,,,,,,,,,,,,,,,,,335
649.0,649,,,,,,,,,,,,,,,,,,,336
650.0,650,,,,,,,,,,,,,,,,,,,337
651.0,651,1.0,,16.0,,,,,,,,,,,,,,0.0,0.0,337
652.0,652,1.0,,36.0,,,,,,,,,,,,,,0.0,0.0,337
653.0,653,,,,,,,,,,,,,,,,,,,338
654.0,654,1.0,,16.0,,,,,,,,,,,,,,0.0,0.0,338
655.0,655,1.0,,36.0,,,,,,,,,,,,,,0.0,0.0,338
656.0,656,,,,,,,,,,,,,,,,,,,339
657.0,657,1.0,,16.0,,,,,,,,,,,,,,0.0,0.0,339
658.0,658,1.0,,36.0,,,,,,,,,,,,,,0.0,0.0,339
659.0,659,,,,,,,,,,,,,,,,,,,340
660.0,660,1.0,,20.0,,,,,,,,,,,,,,0.0,0.0,340
661.0,661,,,,,,,,,,,,,,,,,,,341
662.0,662,1.0,,17.0,,,,,,,,,,,,,,0.0,0.0,341
663.0,663,1.0,,35.0,,,,,,,,,,,,,,0.0,0.0,341
664.0,664,,,,,,,,,,,,,,,,,,,342
665.0,665,1.0,,9.0,,,,,,,,,,,,,,0.0,0.0,342
666.0,666,1.0,,12.0,,,,,,,,,,,,,,0.0,0.0,342
667.0,667,,,,,,,,,,,,,,,,,,,343
668.0,668,1.0,,35.0,,,,,,,,,,,,,,0.0,0.0,343
669.0,669,,,,,,,,,,,,,,,,,,,344
670.0,670,1.0,,19.0,,,,,,,,,,,,,,0.0,0.0,344
671.0,671,3.0,107.0,,,,,,,,,,,,,,,0.0,0.0,344
672.0,672,,,,,,,,,,,,,,,,,,,345
673.0,673,1.0,,32.0,,,,,,,,,,,,,,0.0,0.0,345
674.0,674,,,,,,,,,,,,,,,,,,,346
675.0,675,1.0,,32.0,,,,,,,,,,,,17.0,,0.0,0.0,346
676.0,676,,,,,,,,,,,,,,,,,,,347
677.0,677,,,,,,,,,,,,,,,,,,,348
678.0,678,1.0,,25.0,,,,,,,,,,,,,,0.0,0.0,348
679.0,679,,,,,,,,,,,,,,,,,,,349
680.0,680,1.0,,35.0,,,,,,,,,,,,,,0.0,0.0,349
681.0,681,3.0,108.0,,,,,,,,,,,,,,,0.0,0.0,349
682.0,682,,,,,,,,,,,,,,,,,,,350
683.0,683,2.0,,,,,687.0,,,,,,,,,,,0.0,0.0,350
684.0,684,,,,,,,,,,,,,,,,,,,351
685.0,685,2.0,,,,,686.0,,,,,,,,,,,0.0,0.0,351
686.0,686,,,,,,,,,,,,,,,,,,,352
687.0,687,1.0,,30.0,,,,,,,,,,,,,,0.0,1.0,352
688.0,688,,,,,,,,,,,,,,,,,,,353
689.0,689,1.0,,39.0,,,,,,,,,,,,,,0.0,0.0,353
690.0,690,,,,,,,,,,,,,,,,,,,354
691.0,691,1.0,,48.0,,,,,,,,,,,,,,0.0,0.0,354
692.0,692,,,,,,,,,,,,,,,,,,,355
693.0,693,1.0,,37.0,,,,,,,,,,,,,,0.0,0.0,355
694.0,694,,,,,,,,,,,,,,,,,,,356
695.0,695,3.0,80.0,,,,,,,,,,,,,,,0.0,0.0,356
696.0,696,,,,,,,,,,,,,,,,,,,357
697.0,697,1.0,,39.0,,,,day,,,,,,,,,,0.0,0.0,357
698.0,698,,,,,,,,,,,,,,,,,,,358
699.0,699,1.0,,39.0,,,,night,,,,,,,,,,0.0,0.0,358
700.0,700,1.0,,,,,,,,18.0,,,2.0,,,,,0.0,0.0,67
700.0,700,1.0,,,,,,,,18.0,160.0,,,,,,,0.0,0.0,67
701.0,701,,,,,,,,,,,,,,,,,,,359
702.0,702,,,,,,,,,,,,,,,,,,,360
703.0,703,,,,,,,,,,,,,,,,,,,361
704.0,704,,,,,,,,,,,,,,,,,,,362
705.0,705,1.0,,40.0,,,,,,,,,,,,,,0.0,0.0,362
706.0,706,1.0,,50.0,,,,,,,,,,,,,,1.0,0.0,362
707.0,707,,,,,,,,,,,,,,,,,,,363
708.0,708,,,,,,,,,,,,,,,,,,,364
709.0,709,2.0,,,,,,,,,,,,,,,,0.0,0.0,364
710.0,710,,,,,,,,,,,,,,,,,,,365
711.0,711,2.0,,,,,,,,,,,,,,,,0.0,0.0,365
712.0,712,,,,,,,,,,,,,,,,,,,366
713.0,713,1.0,,37.0,,,,,,,,,,,,,,0.0,0.0,366
714.0,714,,,,,,,,,,,,,,,,,,,367
715.0,715,1.0,,48.0,,,,,,,,,,,,,,0.0,0.0,367
716.0,716,,,,,,,,,,,,,,,,,,,368
717.0,717,,,,,,,,,,,,,,,,,,,369
718.0,718,,,,,,,,,,,,,,,,,,,370
719.0,719,,,,,,,,,,,,,,,,,,,371
720.0,720,,,,,,,,,,,,,,,,,,,372
721.0,721,,,,,,,,,,,,,,,,,,,373
722.0,722,,,,,,,,,,,,,,,,,,,374
723.0,723,1.0,,17.0,,,,,,,,,,,,,,0.0,0.0,374
724.0,724,1.0,,34.0,,,,,,,,,,,,,,0.0,0.0,374
725.0,725,,,,,,,,,,,,,,,,,,,375
726.0,726,1.0,,17.0,,,,,,,,,,,,,,0.0,0.0,375
727.0,727,1.0,,34.0,,,,,,,,,,,,,,0.0,0.0,375
728.0,728,,,,,,,,,,,,,,,,,,,376
729.0,729,1.0,,17.0,,,,,,,,,,,,,,0.0,0.0,376
730.0,730,1.0,,34.0,,,,,,,,,,,,,,0.0,0.0,376
731.0,731,,,,,,,,,,,,,,,,,,,377
732.0,732,1.0,,14.0,,,,,,,,,,,,,,0.0,0.0,377
733.0,733,1.0,,28.0,,,,,,,,,,,,,,0.0,0.0,377
734.0,734,,,,,,,,,,,,,,,,,,,378
735.0,735,1.0,,20.0,,,,day,,,,,,,,,,0.0,0.0,378
736.0,736,,,,,,,,,,,,,,,,,,,379
737.0,737,1.0,,20.0,,,,,,,,,,,,,,0.0,0.0,379
738.0,738,1.0,,,,,,,,,,,,,,,,0.0,0.0,379
738.0,738,3.0,83.0,,,,,,,,,,,,,,,0.0,0.0,379
739.0,739,,,,,,,,,,,,,,,,,,,380
740.0,740,1.0,,,,775.0,,,,,,,,,,,,0.0,0.0,380
741.0,741,,,,,,,,,,,,,,,,,,,381
742.0,742,,,,,,,,,,,,,,,,,,,382
743.0,743,1.0,,25.0,,,,,,,,,,,,,,0.0,0.0,382
744.0,744,,,,,,,,,,,,,,,,,,,383
745.0,745,1.0,,25.0,,,,day,,,,,,,,,,0.0,0.0,383
745.0,745,1.0,,25.0,,,,night,,,,,,,,,,0.0,0.0,383
745.0,745,1.0,,25.0,,,,dusk,,,,,,,,,,0.0,0.0,383
746.0,746,,,,,,,,,,,,,,,,,,,384
747.0,747,,,,,,,,,,,,,,,,,,,385
748.0,748,1.0,,38.0,,,,,,,,,,,,,,0.0,0.0,385
749.0,749,,,,,,,,,,,,,,,,,,,386
750.0,750,1.0,,30.0,,,,,,,,,,,,,,0.0,0.0,386
751.0,751,,,,,,,,,,,,,,,,,,,387
752.0,752,1.0,,22.0,,,,,,,,,,,,,,0.0,0.0,387
753.0,753,,,,,,,,,,,,,,,,,,,388
754.0,754,1.0,,34.0,,,,day,,,,,,,,,,0.0,0.0,388
755.0,755,,,,,,,,,,,,,,,,,,,389
756.0,756,1.0,,24.0,,,,,,,,,,,,,,0.0,0.0,389
757.0,757,,,,,,,,,,,,,,,,,,,390
758.0,758,1.0,,33.0,1.0,,,,,,,,,,,,,0.0,0.0,390
759.0,759,,,,,,,,,,,,,,,,,,,391
760.0,760,1.0,,27.0,,,,,,,,,,,,,,0.0,0.0,391
761.0,761,,,,,,,,,,,,,,,,,,,392
762.0,762,1.0,,18.0,,,,,,,,,,,,,,0.0,0.0,392
763.0,763,1.0,,,,,,,23.0,,,,,,,,,0.0,0.0,392
764.0,764,,,,,,,,,,,,,,,,,,,393
765.0,765,,,,,,,,,,,,,,,,,,,394
766.0,766,,,,,,,,,,,,,,,,,,,395
767.0,767,,,,,,,,,,,,,,,,,,,396
768.0,768,1.0,,30.0,,,,,,,,,,,,,,0.0,0.0,396
769.0,769,,,,,,,,,,,,,,,,,,,397
770.0,770,1.0,,42.0,,,,,,,,,,,,,,0.0,0.0,397
771.0,771,,,,,,,,,,,,,,,,,,,398
772.0,772,,,,,,,,,,,,,,,,,,,399
773.0,773,1.0,,,,,,,,,160.0,,,,,,,0.0,0.0,399
774.0,774,,,,,,,,,,,,,,,,,,,400
775.0,775,,,,,,,,,,,,,,,,,,,401
776.0,776,,,,,,,,,,,,,,,,,,,402
777.0,777,,,,,,,,,,,,,,,,,,,403
778.0,778,,,,,,,,,,,,,,,,,,,404
779.0,779,,,,,,,,,,,,,,,,,,,405
780.0,780,,,,,,,,,,,,,,,,,,,406
781.0,781,,,,,,,,,,,,,,,,,,,407
782.0,782,,,,,,,,,,,,,,,,,,,408
783.0,783,1.0,,35.0,,,,,,,,,,,,,,0.0,0.0,408
784.0,784,1.0,,45.0,,,,,,,,,,,,,,0.0,0.0,408
785.0,785,,,,,,,,,,,,,,,,,,,409
786.0,786,,,,,,,,,,,,,,,,,,,410
787.0,787,,,,,,,,,,,,,,,,,,,411
788.0,788,,,,,,,,,,,,,,,,,,,412
789.0,789,,,,,,,,,,,,,,,,,,,413
790.0,790,1.0,,43.0,,,,,,,,,,,,,,0.0,0.0,413
791.0,791,1.0,,53.0,,,,,,,,,,,,,,0.0,0.0,413
792.0,792,1.0,,53.0,,,,,,,,,,,,,,0.0,0.0,413
793.0,793,,,,,,,,,,,,,,,,,,,414
794.0,794,,,,,,,,,,,,,,,,,,,415
795.0,795,,,,,,,,,,,,,,,,,,,416
796.0,796,,,,,,,,,,,,,,,,,,,417
797.0,797,,,,,,,,,,,,,,,,,,,418
798.0,798,,,,,,,,,,,,,,,,,,,419
799.0,799,,,,,,,,,,,,,,,,,,,420
800.0,800,,,,,,,,,,,,,,,,,,,421
801.0,801,,,,,,,,,,,,,,,,,,,422
802.0,802,,,,,,,,,,,,,,,,,,,423
803.0,803,,,,,,,,,,,,,,,,,,,424
804.0,804,1.0,,,,,,,406.0,,,,,,,,,0.0,0.0,424
805.0,805,,,,,,,,,,,,,,,,,,,425
806.0,806,,,,,,,,,,,,,,,,,,,426
807.0,807,,,,,,,,,,,,,,,,,,,427
808.0,808,,,,,,,,,,,,,,,,,,,428
809.0,809,,,,,,,,,,,,,,,,,,,429
810.0,810,,,,,,,,,,,,,,,,,,,430
811.0,811,1.0,,16.0,,,,,,,,,,,,,,0.0,0.0,430
812.0,812,1.0,,35.0,,,,,,,,,,,,,,0.0,0.0,430
813.0,813,,,,,,,,,,,,,,,,,,,431
814.0,814,1.0,,16.0,,,,,,,,,,,,,,0.0,0.0,431
815.0,815,1.0,,35.0,,,,,,,,,,,,,,0.0,0.0,431
816.0,816,,,,,,,,,,,,,,,,,,,432
817.0,817,1.0,,16.0,,,,,,,,,,,,,,0.0,0.0,432
818.0,818,1.0,,35.0,,,,,,,,,,,,,,0.0,0.0,432
819.0,819,,,,,,,,,,,,,,,,,,,433
820.0,820,1.0,,24.0,,,,,,,,,,,,,,0.0,0.0,433
821.0,821,,,,,,,,,,,,,,,,,,,434
822.0,822,1.0,,18.0,,,,,,,,,,,,,,0.0,0.0,434
823.0,823,1.0,,38.0,,,,,,,,,,,,,,0.0,0.0,434
824.0,824,,,,,,,,,,,,,,,,,,,435
825.0,825,1.0,,10.0,,,,,,,,,,,,,,0.0,0.0,435
826.0,826,1.0,,30.0,,,,,,,,,,,,,,0.0,0.0,435
827.0,827,,,,,,,,,,,,,,,,,,,436
828.0,828,1.0,,18.0,,,,,,,,,,,,,,0.0,0.0,436
829.0,829,,,,,,,,,,,,,,,,,,,437
830.0,830,1.0,,20.0,,,,,,,,,,,,,,0.0,0.0,437
831.0,831,,,,,,,,,,,,,,,,,,,438
832.0,832,1.0,,24.0,,,,,,,,,,,,,,0.0,0.0,438
833.0,833,,,,,,,,,,,,,,,,,,,439
834.0,834,1.0,,22.0,,,,,,,,,,,,,,0.0,0.0,439
835.0,835,,,,,,,,,,,,,,,,,,,440
836.0,836,1.0,,25.0,,,,,,,,,,,,,,0.0,0.0,440
837.0,837,,,,,,,,,,,,,,,,,,,441
838.0,838,1.0,,18.0,,,,,,,,,,,,,,0.0,0.0,441
839.0,839,1.0,,34.0,,,,,,,,,,,,,,0.0,0.0,441
840.0,840,,,,,,,,,,,,,,,,,,,442
841.0,841,3.0,1175.0,,,,,,,,,,,,,,,0.0,0.0,442
842.0,842,3.0,1174.0,,,,,,,,,,,,,,,0.0,0.0,442
843.0,843,,,,,,,,,,,,,,,,,,,443
844.0,844,1.0,,36.0,,,,,,,,,,,,,,0.0,0.0,443
845.0,845,,,,,,,,,,,,,,,,,,,444
846.0,846,,,,,,,,,,,,,,,,,,,445
847.0,847,1.0,,26.0,,,,,,,,,,,,,,0.0,0.0,445
848.0,848,,,,,,,,,,,,,,,,,,,446
849.0,849,1.0,,30.0,,,,,,,,,,,,,,0.0,0.0,446
850.0,850,,,,,,,,,,,,,,,,,,,447
851.0,851,1.0,,28.0,,,,,,,,,,,,,,0.0,0.0,447
852.0,852,,,,,,,,,,,,,,,,,,,448
853.0,853,1.0,,,,,,,269.0,,,,,,,,,0.0,0.0,448
854.0,854,,,,,,,,,,,,,,,,,,,449
855.0,855,3.0,1311.0,,,,,,,,,,,,,,,0.0,0.0,449
856.0,856,,,,,,,,,,,,,,,,,,,450
857.0,857,1.0,,32.0,,,,,,,,,,,,,,0.0,0.0,450
858.0,858,1.0,,42.0,,,,,,,,,,,,,,0.0,0.0,450
859.0,859,,,,,,,,,,,,,,,,,,,451
860.0,860,1.0,,32.0,,,,,,,,,,,,,,0.0,0.0,451
861.0,861,1.0,,42.0,,,,,,,,,,,,,,0.0,0.0,451
862.0,862,1.0,,35.0,,,,night,,,,,,,,,,0.0,0.0,134
863.0,863,1.0,,28.0,,,,,,,,,,,,,,0.0,0.0,22
864.0,864,1.0,,38.0,,,,,,,,,,,,,,0.0,0.0,113
865.0,865,8.0,,,,,,,,,,,,,,,,0.0,0.0,35
866.0,866,1.0,,42.0,,,,,,,,,,,,,,0.0,0.0,57
867.0,867,9.0,,,,,,,,,,,,,,,,0.0,0.0,287
868.0,868,,,,,,,,,,,,,,,,,,,452
869.0,869,5.0,,,,,,,,,,,,,,,,0.0,0.0,452
870.0,870,,,,,,,,,,,,,,,,,,,453
871.0,871,,,,,,,,,,,,,,,,,,,454
872.0,872,,,,,,,,,,,,,,,,,,,455
873.0,873,1.0,,,,,,night,,,160.0,,,,,,,0.0,0.0,455
874.0,874,,,,,,,,,,,,,,,,,,,456
875.0,875,,,,,,,,,,,,,,,,,,,457
876.0,876,,,,,,,,,,,,,,,,,,,458
877.0,877,,,,,,,,,,,,,,,,,,,459
878.0,878,,,,,,,,,,,,,,,,,,,460
879.0,879,1.0,,34.0,,,,,,,,,,,,,,0.0,0.0,460
880.0,880,,,,,,,,,,,,,,,,,,,461
881.0,881,,,,,,,,,,,,,,,,,,,462
882.0,882,,,,,,,,,,,,,,,,,,,463
883.0,883,,,,,,,,,,,,,,,,,,,464
884.0,884,,,,,,,,,,,,,,,,,,,465
885.0,885,,,,,,,,,,,,,,,,,,,466
886.0,886,1.0,,50.0,,,,,,,,,,,,,,0.0,0.0,466
887.0,887,1.0,,60.0,,,,,,,,,,,,,,0.0,0.0,466
888.0,888,,,,,,,,,,,,,,,,,,,467
889.0,889,,,,,,,,,,,,,,,,,,,468
890.0,890,,,,,,,,,,,,,,,,,,,469
891.0,891,,,,,,,,,,,,,,,,,,,470
892.0,892,6.0,,,,,,,,,,,,,,,,0.0,0.0,470
892.0,892,7.0,,,,,,,,,,,,,,,,0.0,0.0,470
893.0,893,,,,,,,,,,,,,,,,,,,471
894.0,894,,,,,,,,,,,,,,,,,,,472
895.0,895,,,,,,,,,,,,,,,,,,,473
896.0,896,,,,,,,,,,,,,,,,,,,474
897.0,897,,,,,,,,,,,,,,,,,,,475
898.0,898,,,,,,,,,,,,,,,,,,,476
899.0,899,11.0,,,,,,,828.0,,,,,,,,,0.0,0.0,120
900.0,900,3.0,10001.0,,,,,,,,,,,,,,,0.0,0.0,58
901.0,901,3.0,10002.0,,,,,full-moon,,,,,,,,,,0.0,0.0,110
902.0,902,13.0,,,,,,,,,,,,,,,,0.0,0.0,280
903.0,903,1.0,,,,,303.0,day,,,,,,,,,,0.0,0.0,109
904.0,904,12.0,,,,,,,839.0,,,,,,,,,0.0,0.0,106
905.0,905,,,,,,,,,,,,,,,,,,,477
906.0,906,,,,,,,,,,,,,,,,,,,478
907.0,907,1.0,,16.0,,,,,,,,,,,,,,0.0,0.0,478
908.0,908,1.0,,36.0,,,,,,,,,,,,,,0.0,0.0,478
909.0,909,,,,,,,,,,,,,,,,,,,479
910.0,910,1.0,,16.0,,,,,,,,,,,,,,0.0,0.0,479
911.0,911,1.0,,36.0,,,,,,,,,,,,,,0.0,0.0,479
912.0,912,,,,,,,,,,,,,,,,,,,480
913.0,913,1.0,,16.0,,,,,,,,,,,,,,0.0,0.0,480
914.0,914,1.0,,36.0,,,,,,,,,,,,,,0.0,0.0,480
915.0,915,,,,,,,,,,,,,,,,,,,481
916.0,916,1.0,,18.0,,,,,,,,,,,,,,0.0,0.0,481
917.0,917,,,,,,,,,,,,,,,,,,,482
918.0,918,1.0,,15.0,,,,,,,,,,,,,,0.0,0.0,482
919.0,919,,,,,,,,,,,,,,,,,,,483
920.0,920,1.0,,24.0,,,,,,,,,,,,,,0.0,0.0,483
921.0,921,,,,,,,,,,,,,,,,,,,484
922.0,922,1.0,,18.0,,,,,,,,,,,,,,0.0,0.0,484
923.0,923,10.0,,,,,,,,,,,,,,,,0.0,0.0,484
924.0,924,,,,,,,,,,,,,,,,,,,485
925.0,925,10.0,,25.0,,,,,,,,,,,,,,0.0,0.0,485
926.0,926,,,,,,,,,,,,,,,,,,,486
927.0,927,1.0,,26.0,,,,,,,,,,,,,,0.0,0.0,486
928.0,928,,,,,,,,,,,,,,,,,,,487
929.0,929,1.0,,25.0,,,,,,,,,,,,,,0.0,0.0,487
930.0,930,1.0,,35.0,,,,,,,,,,,,,,0.0,0.0,487
931.0,931,,,,,,,,,,,,,,,,,,,488
932.0,932,,,,,,,,,,,,,,,,,,,489
933.0,933,1.0,,24.0,,,,,,,,,,,,,,0.0,0.0,489
934.0,934,1.0,,38.0,,,,,,,,,,,,,,0.0,0.0,489
935.0,935,,,,,,,,,,,,,,,,,,,490
936.0,936,3.0,2045.0,,,,,,,,,,,,,,,0.0,0.0,490
937.0,937,3.0,1677.0,,,,,,,,,,,,,,,0.0,0.0,490
938.0,938,,,,,,,,,,,,,,,,,,,491
939.0,939,3.0,83.0,,,,,,,,,,,,,,,0.0,0.0,491
940.0,940,,,,,,,,,,,,,,,,,,,492
941.0,941,1.0,,25.0,,,,,,,,,,,,,,0.0,0.0,492
942.0,942,,,,,,,,,,,,,,,,,,,493
943.0,943,1.0,,30.0,,,,,,,,,,,,,,0.0,0.0,493
944.0,944,,,,,,,,,,,,,,,,,,,494
945.0,945,1.0,,28.0,,,,,,,,,,,,,,0.0,0.0,494
946.0,946,,,,,,,,,,,,,,,,,,,495
947.0,947,10.0,,,,,,,,,,,,,,,,0.0,0.0,495
948.0,948,,,,,,,,,,,,,,,,,,,496
949.0,949,1.0,,30.0,,,,,,,,,,,,,,0.0,0.0,496
950.0,950,,,,,,,,,,,,,,,,,,,497
951.0,951,,,,,,,,,,,,,,,,,,,498
952.0,952,3.0,82.0,,,,,,,,,,,,,,,0.0,0.0,498
953.0,953,,,,,,,,,,,,,,,,,,,499
954.0,954,10.0,,,,,,,,,,,,,,,,0.0,0.0,499
955.0,955,,,,,,,,,,,,,,,,,,,500
956.0,956,1.0,,35.0,,,,,,,,,,,,,,0.0,0.0,500
957.0,957,,,,,,,,,,,,,,,,,,,501
958.0,958,1.0,,24.0,,,,,,,,,,,,,,0.0,0.0,501
959.0,959,1.0,,38.0,,,,,,,,,,,,,,0.0,0.0,501
960.0,960,,,,,,,,,,,,,,,,,,,502
961.0,961,1.0,,26.0,,,,,,,,,,,,,,0.0,0.0,502
962.0,962,,,,,,,,,,,,,,,,,,,503
963.0,963,,,,,,,,,,,,,,,,,,,504
964.0,964,10.0,,38.0,,,,,,,,,,,,,,0.0,0.0,504
965.0,965,,,,,,,,,,,,,,,,,,,505
966.0,966,1.0,,40.0,,,,,,,,,,,,,,0.0,0.0,505
967.0,967,,,,,,,,,,,,,,,,,,,506
968.0,968,,,,,,,,,,,,,,,,,,,507
969.0,969,,,,,,,,,,,,,,,,,,,508
970.0,970,1.0,,35.0,,,,,,,,,,,,,,0.0,0.0,508
971.0,971,,,,,,,,,,,,,,,,,,,509
972.0,972,1.0,,30.0,,,,night,,,,,,,,,,0.0,0.0,509
973.0,973,,,,,,,,,,,,,,,,,,,510
974.0,974,,,,,,,,,,,,,,,,,,,511
975.0,975,3.0,885.0,,,,,,,,,,,,,,,0.0,0.0,511
976.0,976,,,,,,,,,,,,,,,,,,,512
977.0,977,,,,,,,,,,,,,,,,,,,513
978.0,978,,,,,,,,,,,,,,,,,,,514
979.0,979,10.0,,,,,,,,,,,,,,,,0.0,0.0,24
980.0,980,1.0,,20.0,,,,,,,,,,,,,,0.0,0.0,96
981.0,981,1.0,,,,,,,888.0,,,,,,,,,0.0,0.0,101
982.0,982,1.0,,,,,,,887.0,,,,,,,,,0.0,0.0,103
983.0,983,10.0,,,,,,,,,,,,,,,,0.0,0.0,317
984.0,984,,,,,,,,,,,,,,,,,,,515
985.0,985,,,,,,,,,,,,,,,,,,,516
986.0,986,,,,,,,,,,,,,,,,,,,517
987.0,987,,,,,,,,,,,,,,,,,,,518
988.0,988,,,,,,,,,,,,,,,,,,,519
989.0,989,,,,,,,,,,,,,,,,,,,520
990.0,990,,,,,,,,,,,,,,,,,,,521
991.0,991,,,,,,,,,,,,,,,,,,,522
992.0,992,,,,,,,,,,,,,,,,,,,523
993.0,993,,,,,,,,,,,,,,,,,,,524
994.0,994,,,,,,,,,,,,,,,,,,,525
995.0,995,,,,,,,,,,,,,,,,,,,526
996.0,996,,,,,,,,,,,,,,,,,,,527
997.0,997,1.0,,35.0,,,,,,,,,,,,,,0.0,0.0,527
998.0,998,1.0,,54.0,,,,,,,,,,,,,,0.0,0.0,527
999.0,999,,,,,,,,,,,,,,,,,,,528
1000.0,1000,10.0,,,,,,,,,,,,,,,,0.0,0.0,528
1001.0,1001,,,,,,,,,,,,,,,,,,,529
1002.0,1002,,,,,,,,,,,,,,,,,,,530
1003.0,1003,,,,,,,,,,,,,,,,,,,531
1004.0,1004,,,,,,,,,,,,,,,,,,,532
1005.0,1005,,,,,,,,,,,,,,,,,,,533
1006.0,1006,,,,,,,,,,,,,,,,,,,534
1007.0,1007,,,,,,,,,,,,,,,,,,,535
1008.0,1008,,,,,,,,,,,,,,,,,,,536
1009.0,1009,,,,,,,,,,,,,,,,,,,537
1010.0,1010,,,,,,,,,,,,,,,,,,,538
1011.0,1011,,,,,,,,,,,,,,,,,,,442
1012.0,1012,,,,,,,,,,,,,,,,,,,539
1013.0,1013,,,,,,,,,,,,,,,,,,,539
1014.0,1014,,,,,,,,,,,,,,,,,,,540
1015.0,1015,,,,,,,,,,,,,,,,,,,541
1016.0,1016,,,,,,,,,,,,,,,,,,,542
1017.0,1017,,,,,,,,,,,,,,,,,,,543
1018.0,1018,,,,,,,,,,,,,,,,,,,465
1019.0,1019,,,,,,,,,,,,,,,,,,,442
1020.0,1020,,,,,,,,,,,,,,,,,,,544
1021.0,1021,,,,,,,,,,,,,,,,,,,545
1022.0,1022,,,,,,,,,,,,,,,,,,,547
1023.0,1023,,,,,,,,,,,,,,,,,,,546
1024.0,1024,,,,,,,,,,,,,,,,,,,548
1025.0,1025,,,,,,,,,,,,,,,,,,,549
